CIUDAD,PROVINCIA,REGIÓN,CAMPO 1,VÍA POSTU.,CARRERA,SEXO,SEDE,N° LISTA,PROMEDIOPDT,PTJE.PONDE,IND.BECA,NOTA E.M,ESTADOMATRÍCULA,FECHA  PAGO DB,FECHA MATRÍCULA,AÑO,,,,,,
VALPARAÍSO,VALPARAÍSO,VALPARAÍSO,VALPARAÍSO,ADMISIÓN ESPECIAL,(2654)GEOGRAFÍA,FEMENINO,(1) VALPARAÍSO,,,,,500,MATRICULADO,02/03/2021,02/03/2021,2021,,,,,,
VIÑA DEL MAR,VALPARAÍSO,VALPARAÍSO,VALPARAÍSO,ADMISIÓN ESPECIAL,(2660)PED.EN BIOLOGÍA Y CIENCIAS,MASCULINO,(1) VALPARAÍSO,,,,,500,MATRICULADO,03/03/2021,03/03/2021,2021,,,,,,
VALPARAÍSO,VALPARAÍSO,VALPARAÍSO,VALPARAÍSO,ADMISIÓN ESPECIAL,(2660)PED.EN BIOLOGÍA Y CIENCIAS,MASCULINO,(1) VALPARAÍSO,,,,BGU,600,MATRICULADO,01/03/2021,01/03/2021,2021,,,,,,
QUILPUÉ,MARGA MARGA,VALPARAÍSO,VALPARAÍSO,ADMISIÓN ESPECIAL,(2660)PED.EN BIOLOGÍA Y CIENCIAS,FEMENINO,(1) VALPARAÍSO,,,,,600,MATRICULADO,10/03/2021,10/03/2021,2021,,,,,,
VIÑA DEL MAR,VALPARAÍSO,VALPARAÍSO,VALPARAÍSO,ADMISIÓN ESPECIAL,(2660)PED.EN BIOLOGÍA Y CIENCIAS,MASCULINO,(1) VALPARAÍSO,,,,,600,MATRICULADO,01/03/2021,01/03/2021,2021,,,,,,
SANTIAGO,SANTIAGO,METROPOLITANA,METROPOLITANA,ADMISIÓN ESPECIAL,(2670)PED.EN QUÍMICA Y CIENCIAS,MASCULINO,(1) VALPARAÍSO,,,,,500,MATRICULADO,16/03/2021,16/03/2021,2021,,,,,,
VALPARAÍSO,VALPARAÍSO,VALPARAÍSO,VALPARAÍSO,ADMISIÓN ESPECIAL,(2673)PED.EN MATEMÁTICA VALPARAÍSO,FEMENINO,(1) VALPARAÍSO,,,,BGU,500,MATRICULADO,02/03/2021,02/03/2021,2021,,,,,,
VALPARAÍSO,VALPARAÍSO,VALPARAÍSO,VALPARAÍSO,PAES,(2654)GEOGRAFÍA,FEMENINO,(1) VALPARAÍSO,9,478,476.00,BGU,543,MATRICULADO,01/03/2021,01/03/2021,2021,,,,,,
LOS ANDES,LOS ANDES,VALPARAÍSO,VALPARAÍSO,PAES,(2654)GEOGRAFÍA,MASCULINO,(1) VALPARAÍSO,1,619,581.80,,503,MATRICULADO,03/03/2021,03/03/2021,2021,,,,,,
VILLA ALEMANA,MARGA MARGA,VALPARAÍSO,VALPARAÍSO,PAES,(2654)GEOGRAFÍA,MASCULINO,(1) VALPARAÍSO,8,478,490.10,,555,MATRICULADO,04/03/2021,04/03/2021,2021,,,,,,
IQUIQUE,IQUIQUE,TARAPACÁ,OTRA REGIÓN,PAES,(2654)GEOGRAFÍA,MASCULINO,(1) VALPARAÍSO,11,472,449.40,,513,MATRICULADO,02/03/2021,02/03/2021,2021,,,,,,
CALAMA,EL LOA,ANTOFAGASTA,OTRA REGIÓN,PAES,(2654)GEOGRAFÍA,MASCULINO,(1) VALPARAÍSO,4,523,540.70,,550,MATRICULADO,02/03/2021,02/03/2021,2021,,,,,,
QUILPUÉ,MARGA MARGA,VALPARAÍSO,VALPARAÍSO,PAES,(2654)GEOGRAFÍA,FEMENINO,(1) VALPARAÍSO,5,475,520.30,,533,MATRICULADO,02/03/2021,02/03/2021,2021,,,,,,
LOS ANDES,LOS ANDES,VALPARAÍSO,VALPARAÍSO,PAES,(2660)PED.EN BIOLOGÍA Y CIENCIAS,FEMENINO,(1) VALPARAÍSO,5,398,583.20,BGU,668,MATRICULADO,03/03/2021,03/03/2021,2021,,,,,,
MELIPILLA,MELIPILLA,METROPOLITANA,METROPOLITANA,PAES,(2660)PED.EN BIOLOGÍA Y CIENCIAS,FEMENINO,(1) VALPARAÍSO,8,409,511.55,,635,MATRICULADO,03/03/2021,03/03/2021,2021,,,,,,
VALPARAÍSO,VALPARAÍSO,VALPARAÍSO,VALPARAÍSO,PAES,(2660)PED.EN BIOLOGÍA Y CIENCIAS,FEMENINO,(1) VALPARAÍSO,12,447,535.80,BGU,610,MATRICULADO,11/03/2021,11/03/2021,2021,,,,,,
SAN ANTONIO,SAN ANTONIO,VALPARAÍSO,VALPARAÍSO,PAES,(2660)PED.EN BIOLOGÍA Y CIENCIAS,FEMENINO,(1) VALPARAÍSO,9,537,499.50,,533,MATRICULADO,02/03/2021,02/03/2021,2021,,,,,,
VALPARAÍSO,VALPARAÍSO,VALPARAÍSO,VALPARAÍSO,PAES,(2660)PED.EN BIOLOGÍA Y CIENCIAS,MASCULINO,(1) VALPARAÍSO,7,584,534.15,,520,MATRICULADO,01/03/2021,01/03/2021,2021,,,,,,
ARICA,ARICA,ARICA Y PARINACOTA,OTRA REGIÓN,PAES,(2660)PED.EN BIOLOGÍA Y CIENCIAS,FEMENINO,(1) VALPARAÍSO,4,534,589.20,BGU,608,MATRICULADO,02/03/2021,02/03/2021,2021,,,,,,
VILLARRICA,CAUTÍN,ARAUCANÍA,OTRA REGIÓN,PAES,(2666)PED.EN FÍSICA,MASCULINO,(1) VALPARAÍSO,1,658,640.90,,595,MATRICULADO,02/03/2021,02/03/2021,2021,,,,,,
EL MELÓN,QUILLOTA,VALPARAÍSO,VALPARAÍSO,PAES,(2670)PED.EN QUÍMICA Y CIENCIAS,MASCULINO,(1) VALPARAÍSO,1,474,571.05,BGU,600,MATRICULADO,01/03/2021,01/03/2021,2021,,,,,,
SAN ANTONIO,SAN ANTONIO,VALPARAÍSO,VALPARAÍSO,PAES,(2673)PED.EN MATEMÁTICA VALPARAÍSO,FEMENINO,(1) VALPARAÍSO,2,573,680.40,BGU,640,MATRICULADO,01/03/2021,01/03/2021,2021,,,,,,
LA CALERA,QUILLOTA,VALPARAÍSO,VALPARAÍSO,PAES,(2673)PED.EN MATEMÁTICA VALPARAÍSO,FEMENINO,(1) VALPARAÍSO,1,589,696.70,BEG,663,MATRICULADO,02/03/2021,02/03/2021,2021,,,,,,
QUILPUÉ,MARGA MARGA,VALPARAÍSO,VALPARAÍSO,PAES,(2673)PED.EN MATEMÁTICA VALPARAÍSO,FEMENINO,(1) VALPARAÍSO,9,565,579.90,BGU,583,MATRICULADO,01/03/2021,01/03/2021,2021,,,,,,
VILLA ALEMANA,MARGA MARGA,VALPARAÍSO,VALPARAÍSO,PAES,(2673)PED.EN MATEMÁTICA VALPARAÍSO,MASCULINO,(1) VALPARAÍSO,20,522,465.60,,510,MATRICULADO,01/03/2021,01/03/2021,2021,,,,,,
VALPARAÍSO,VALPARAÍSO,VALPARAÍSO,VALPARAÍSO,PAES,(2673)PED.EN MATEMÁTICA VALPARAÍSO,MASCULINO,(1) VALPARAÍSO,16,514,528.20,BGU,565,MATRICULADO,01/03/2021,01/03/2021,2021,,,,,,
SANTIAGO,SANTIAGO,METROPOLITANA,METROPOLITANA,PAES,(2673)PED.EN MATEMÁTICA VALPARAÍSO,MASCULINO,(1) VALPARAÍSO,3,686,678.70,BVP,630,MATRICULADO,02/03/2021,02/03/2021,2021,,,,,,
VILLA ALEMANA,MARGA MARGA,VALPARAÍSO,VALPARAÍSO,PAES,(2673)PED.EN MATEMÁTICA VALPARAÍSO,FEMENINO,(1) VALPARAÍSO,7,497,633.80,BGU,638,MATRICULADO,01/03/2021,01/03/2021,2021,,,,,,
VILLA ALEMANA,MARGA MARGA,VALPARAÍSO,VALPARAÍSO,PAES,(2673)PED.EN MATEMÁTICA VALPARAÍSO,FEMENINO,(1) VALPARAÍSO,17,539,516.80,,538,MATRICULADO,03/03/2021,03/03/2021,2021,,,,,,
SAN ANTONIO,SAN ANTONIO,VALPARAÍSO,VALPARAÍSO,PAES,(2673)PED.EN MATEMÁTICA VALPARAÍSO,MASCULINO,(1) VALPARAÍSO,21,510,406.20,,458,MATRICULADO,02/03/2021,02/03/2021,2021,,,,,,
RENGO,CACHAPOAL,O´HIGGINS,O´HIGGINS,PAES,(2673)PED.EN MATEMÁTICA VALPARAÍSO,MASCULINO,(1) VALPARAÍSO,5,517,667.50,BVG,650,MATRICULADO,01/03/2021,01/03/2021,2021,,,,,,
VIÑA DEL MAR,VALPARAÍSO,VALPARAÍSO,VALPARAÍSO,PAES,(2673)PED.EN MATEMÁTICA VALPARAÍSO,FEMENINO,(1) VALPARAÍSO,15,535,530.90,BGU,530,MATRICULADO,02/03/2021,02/03/2021,2021,,,,,,
VILLA ALEMANA,MARGA MARGA,VALPARAÍSO,VALPARAÍSO,PAES,(2673)PED.EN MATEMÁTICA VALPARAÍSO,MASCULINO,(1) VALPARAÍSO,11,578,553.20,BGU,540,MATRICULADO,02/03/2021,02/03/2021,2021,,,,,,
VALPARAÍSO,VALPARAÍSO,VALPARAÍSO,VALPARAÍSO,PAES,(2673)PED.EN MATEMÁTICA VALPARAÍSO,FEMENINO,(1) VALPARAÍSO,6,668,655.40,,605,MATRICULADO,03/03/2021,03/03/2021,2021,,,,,,
QUILLOTA,QUILLOTA,VALPARAÍSO,VALPARAÍSO,PAES,(2673)PED.EN MATEMÁTICA VALPARAÍSO,MASCULINO,(1) VALPARAÍSO,14,650,532.10,BVP,513,MATRICULADO,01/03/2021,01/03/2021,2021,,,,,,
SAN ANTONIO,SAN ANTONIO,VALPARAÍSO,VALPARAÍSO,PAES,(2673)PED.EN MATEMÁTICA VALPARAÍSO,MASCULINO,(1) VALPARAÍSO,12,496,547.80,BGU,563,MATRICULADO,02/03/2021,02/03/2021,2021,,,,,,
VILLA ALEMANA,MARGA MARGA,VALPARAÍSO,VALPARAÍSO,PAES,(2673)PED.EN MATEMÁTICA VALPARAÍSO,MASCULINO,(1) VALPARAÍSO,19,496,487.50,BGU,518,MATRICULADO,01/03/2021,01/03/2021,2021,,,,,,
VILLA ALEMANA,MARGA MARGA,VALPARAÍSO,VALPARAÍSO,PAES,(2673)PED.EN MATEMÁTICA VALPARAÍSO,MASCULINO,(1) VALPARAÍSO,4,608,668.90,,613,MATRICULADO,01/03/2021,01/03/2021,2021,,,,,,
VALPARAÍSO,VALPARAÍSO,VALPARAÍSO,VALPARAÍSO,PAES,(2673)PED.EN MATEMÁTICA VALPARAÍSO,MASCULINO,(1) VALPARAÍSO,18,552,506.20,,515,MATRICULADO,03/03/2021,03/03/2021,2021,,,,,,
CONCON,VALPARAÍSO,VALPARAÍSO,VALPARAÍSO,PAES,(2673)PED.EN MATEMÁTICA VALPARAÍSO,MASCULINO,(1) VALPARAÍSO,8,564,592.40,,573,MATRICULADO,01/03/2021,01/03/2021,2021,,,,,,
CONCON,VALPARAÍSO,VALPARAÍSO,VALPARAÍSO,ADMISIÓN ESPECIAL,(2654)GEOGRAFÍA,MASCULINO,(1) VALPARAÍSO,,,,,500,MATRICULADO,27/01/2022,28/01/2022,2022,,,,,,
VALPARAÍSO,VALPARAÍSO,VALPARAÍSO,VALPARAÍSO,ADMISIÓN ESPECIAL,(2660)PED.EN BIOLOGÍA Y CIENCIAS,FEMENINO,(1) VALPARAÍSO,,,,BGU,600,MATRICULADO,26/01/2022,26/01/2022,2022,,,,,,
VILLA ALEMANA,MARGA MARGA,VALPARAÍSO,VALPARAÍSO,ADMISIÓN ESPECIAL,(2670)PED.EN QUÍMICA Y CIENCIAS,FEMENINO,(1) VALPARAÍSO,,,,,600,MATRICULADO,27/01/2022,27/01/2022,2022,,,,,,
VALPARAÍSO,VALPARAÍSO,VALPARAÍSO,VALPARAÍSO,ADMISIÓN ESPECIAL,(2673)PED.EN MATEMÁTICA VALPARAÍSO,FEMENINO,(1) VALPARAÍSO,,,,BGU,600,MATRICULADO,25/01/2022,25/01/2022,2022,,,,,,
VALPARAÍSO,VALPARAÍSO,VALPARAÍSO,VALPARAÍSO,ADMISIÓN ESPECIAL,(2673)PED.EN MATEMÁTICA VALPARAÍSO,MASCULINO,(1) VALPARAÍSO,,,,BGU,600,MATRICULADO,25/01/2022,25/01/2022,2022,,,,,,
SAN FELIPE,SAN FELIPE,VALPARAÍSO,VALPARAÍSO,ADMISIÓN ESPECIAL,(2673)PED.EN MATEMÁTICA VALPARAÍSO,MASCULINO,(1) VALPARAÍSO,,,,BGU,600,MATRICULADO,14/01/2022,25/01/2022,2022,,,,,,
QUINTERO,VALPARAÍSO,VALPARAÍSO,VALPARAÍSO,ADMISIÓN ESPECIAL,(2673)PED.EN MATEMÁTICA VALPARAÍSO,FEMENINO,(1) VALPARAÍSO,,,,BGU,600,MATRICULADO,04/01/2022,25/01/2022,2022,,,,,,
QUILLOTA,QUILLOTA,VALPARAÍSO,VALPARAÍSO,ADMISIÓN ESPECIAL,(2673)PED.EN MATEMÁTICA VALPARAÍSO,FEMENINO,(1) VALPARAÍSO,,,,BGU,600,MATRICULADO,27/01/2022,27/01/2022,2022,,,,,,
QUILPUÉ,MARGA MARGA,VALPARAÍSO,VALPARAÍSO,PAES,(2654)GEOGRAFÍA,MASCULINO,(1) VALPARAÍSO,1,517,571.90,BGU,573,MATRICULADO,25/01/2022,25/01/2022,2022,,,,,,
LA LIGUA,PETORCA,VALPARAÍSO,VALPARAÍSO,PAES,(2654)GEOGRAFÍA,MASCULINO,(1) VALPARAÍSO,10,450,474.10,BGU,520,MATRICULADO,25/01/2022,25/01/2022,2022,,,,,,
QUILPUÉ,MARGA MARGA,VALPARAÍSO,VALPARAÍSO,PAES,(2654)GEOGRAFÍA,FEMENINO,(1) VALPARAÍSO,7,467,501.40,,533,MATRICULADO,25/01/2022,25/01/2022,2022,,,,,,
VIÑA DEL MAR,VALPARAÍSO,VALPARAÍSO,VALPARAÍSO,PAES,(2654)GEOGRAFÍA,FEMENINO,(1) VALPARAÍSO,4,471,526.70,BGU,588,MATRICULADO,25/01/2022,25/01/2022,2022,,,,,,
SANTIAGO,SANTIAGO,METROPOLITANA,METROPOLITANA,PAES,(2654)GEOGRAFÍA,FEMENINO,(1) VALPARAÍSO,2,527,545.90,,563,MATRICULADO,25/01/2022,25/01/2022,2022,,,,,,
SANTIAGO,SANTIAGO,METROPOLITANA,METROPOLITANA,PAES,(2654)GEOGRAFÍA,MASCULINO,(1) VALPARAÍSO,8,552,498.70,,500,MATRICULADO,26/01/2022,26/01/2022,2022,,,,,,
VIÑA DEL MAR,VALPARAÍSO,VALPARAÍSO,VALPARAÍSO,PAES,(2654)GEOGRAFÍA,MASCULINO,(1) VALPARAÍSO,6,486,504.70,BGU,520,MATRICULADO,25/01/2022,25/01/2022,2022,,,,,,
VALPARAÍSO,VALPARAÍSO,VALPARAÍSO,VALPARAÍSO,PAES,(2654)GEOGRAFÍA,FEMENINO,(1) VALPARAÍSO,5,474,518.40,BGU,540,MATRICULADO,25/01/2022,25/01/2022,2022,,,,,,
VALPARAÍSO,VALPARAÍSO,VALPARAÍSO,VALPARAÍSO,PAES,(2654)GEOGRAFÍA,FEMENINO,(1) VALPARAÍSO,9,519,498.50,BGU,493,MATRICULADO,27/01/2022,27/01/2022,2022,,,,,,
PUNTA ARENAS,MAGALLANES,MAGALLANES,OTRA REGIÓN,PAES,(2660)PED.EN BIOLOGÍA Y CIENCIAS,MASCULINO,(1) VALPARAÍSO,2,626,646.30,,620,MATRICULADO,25/01/2022,25/01/2022,2022,,,,,,
VALPARAÍSO,VALPARAÍSO,VALPARAÍSO,VALPARAÍSO,PAES,(2660)PED.EN BIOLOGÍA Y CIENCIAS,FEMENINO,(1) VALPARAÍSO,1,578,650.70,,633,MATRICULADO,26/01/2022,26/01/2022,2022,,,,,,
VALPARAÍSO,VALPARAÍSO,VALPARAÍSO,VALPARAÍSO,PAES,(2666)PED.EN FÍSICA,MASCULINO,(1) VALPARAÍSO,1,542,554.30,BGU,565,MATRICULADO,27/01/2022,27/01/2022,2022,,,,,,
QUILPUÉ,MARGA MARGA,VALPARAÍSO,VALPARAÍSO,PAES,(2670)PED.EN QUÍMICA Y CIENCIAS,MASCULINO,(1) VALPARAÍSO,1,579,556.80,,545,MATRICULADO,26/01/2022,26/01/2022,2022,,,,,,
ZAPALLAR,PETORCA,VALPARAÍSO,VALPARAÍSO,PAES,(2673)PED.EN MATEMÁTICA VALPARAÍSO,MASCULINO,(1) VALPARAÍSO,8,591,605.10,,585,MATRICULADO,25/01/2022,25/01/2022,2022,,,,,,
LIMACHE,MARGA MARGA,VALPARAÍSO,VALPARAÍSO,PAES,(2673)PED.EN MATEMÁTICA VALPARAÍSO,FEMENINO,(1) VALPARAÍSO,4,494,678.50,BVG,670,MATRICULADO,25/01/2022,25/01/2022,2022,,,,,,
CURACAVÍ,MELIPILLA,METROPOLITANA,METROPOLITANA,PAES,(2673)PED.EN MATEMÁTICA VALPARAÍSO,MASCULINO,(1) VALPARAÍSO,6,605,619.70,BPG,600,MATRICULADO,26/01/2022,26/01/2022,2022,,,,,,
PUERTO AYSEN,AYSÉN,AYSÉN,OTRA REGIÓN,PAES,(2673)PED.EN MATEMÁTICA VALPARAÍSO,MASCULINO,(1) VALPARAÍSO,5,532,642.70,BGU,638,MATRICULADO,25/01/2022,25/01/2022,2022,,,,,,
VIÑA DEL MAR,VALPARAÍSO,VALPARAÍSO,VALPARAÍSO,PAES,(2673)PED.EN MATEMÁTICA VALPARAÍSO,FEMENINO,(1) VALPARAÍSO,11,463,563.50,BGU,600,MATRICULADO,25/01/2022,25/01/2022,2022,,,,,,
VIÑA DEL MAR,VALPARAÍSO,VALPARAÍSO,VALPARAÍSO,PAES,(2673)PED.EN MATEMÁTICA VALPARAÍSO,FEMENINO,(1) VALPARAÍSO,12,524,546.60,BGU,565,MATRICULADO,26/01/2022,26/01/2022,2022,,,,,,
SAN ANTONIO,SAN ANTONIO,VALPARAÍSO,VALPARAÍSO,PAES,(2673)PED.EN MATEMÁTICA VALPARAÍSO,FEMENINO,(1) VALPARAÍSO,17,531,482.60,BGU,523,MATRICULADO,25/01/2022,25/01/2022,2022,,,,,,
BELLOTO,MARGA MARGA,VALPARAÍSO,VALPARAÍSO,PAES,(2673)PED.EN MATEMÁTICA VALPARAÍSO,FEMENINO,(1) VALPARAÍSO,14,589,531.40,BGU,543,MATRICULADO,25/01/2022,25/01/2022,2022,,,,,,
LA LIGUA,PETORCA,VALPARAÍSO,VALPARAÍSO,PAES,(2673)PED.EN MATEMÁTICA VALPARAÍSO,MASCULINO,(1) VALPARAÍSO,2,639,714.10,BGU,645,MATRICULADO,25/01/2022,25/01/2022,2022,,,,,,
RENGO,CACHAPOAL,O´HIGGINS,O´HIGGINS,PAES,(2673)PED.EN MATEMÁTICA VALPARAÍSO,MASCULINO,(1) VALPARAÍSO,13,523,539.50,,558,MATRICULADO,27/01/2022,27/01/2022,2022,,,,,,
LA CALERA,QUILLOTA,VALPARAÍSO,VALPARAÍSO,PAES,(2673)PED.EN MATEMÁTICA VALPARAÍSO,MASCULINO,(1) VALPARAÍSO,1,615,731.80,BVG,675,MATRICULADO,27/01/2022,27/01/2022,2022,,,,,,
VALPARAÍSO,VALPARAÍSO,VALPARAÍSO,VALPARAÍSO,PAES,(2673)PED.EN MATEMÁTICA VALPARAÍSO,MASCULINO,(1) VALPARAÍSO,3,709,705.20,,605,MATRICULADO,25/01/2022,25/01/2022,2022,,,,,,
CHILLÁN,DIGUILLÍN,ÑUBLE,OTRA REGIÓN,PAES,(2673)PED.EN MATEMÁTICA VALPARAÍSO,FEMENINO,(1) VALPARAÍSO,16,497,494.90,,530,MATRICULADO,25/01/2022,25/01/2022,2022,,,,,,
VALPARAÍSO,VALPARAÍSO,VALPARAÍSO,VALPARAÍSO,PAES,(2673)PED.EN MATEMÁTICA VALPARAÍSO,MASCULINO,(1) VALPARAÍSO,15,517,497.60,BGU,523,MATRICULADO,25/01/2022,25/01/2022,2022,,,,,,
PUERTO AYSEN,AYSÉN,AYSÉN,OTRA REGIÓN,PAES,(2673)PED.EN MATEMÁTICA VALPARAÍSO,MASCULINO,(1) VALPARAÍSO,10,541,564.30,,578,MATRICULADO,25/01/2022,25/01/2022,2022,,,,,,
LLAY LLAY,SAN FELIPE,VALPARAÍSO,VALPARAÍSO,PROPEDÉUTICO(EX-ADM.INCLUS.),(2654)GEOGRAFÍA,MASCULINO,(1) VALPARAÍSO,,,,BGU,500,MATRICULADO,26/01/2022,26/01/2022,2022,,,,,,
SAN FELIPE,SAN FELIPE,VALPARAÍSO,VALPARAÍSO,PROPEDÉUTICO(EX-ADM.INCLUS.),(2673)PED.EN MATEMÁTICA VALPARAÍSO,FEMENINO,(1) VALPARAÍSO,,,,BGU,600,MATRICULADO,25/01/2022,25/01/2022,2022,,,,,,
VIÑA DEL MAR,VALPARAÍSO,VALPARAÍSO,VALPARAÍSO,ADMISIÓN ESPECIAL,(2660)PED.EN BIOLOGÍA Y CIENCIAS,FEMENINO,(1) VALPARAÍSO,,,,BGU,600,MATRICULADO,10/02/2023,10/02/2023,2023,,,,,,
QUILPUÉ,MARGA MARGA,VALPARAÍSO,VALPARAÍSO,ADMISIÓN ESPECIAL,(2666)PED.EN FÍSICA,MASCULINO,(1) VALPARAÍSO,,,,,600,MATRICULADO,18/01/2023,18/01/2023,2023,,,,,,
VILLA ALEMANA,MARGA MARGA,VALPARAÍSO,VALPARAÍSO,ADMISIÓN ESPECIAL,(2666)PED.EN FÍSICA,FEMENINO,(1) VALPARAÍSO,,,,BGU,600,REN. EXTERNA,20/01/2023,20/01/2023,2023,,,,,,
SANTIAGO,SANTIAGO,METROPOLITANA,METROPOLITANA,ADMISIÓN ESPECIAL,(2670)PED.EN QUÍMICA Y CIENCIAS,FEMENINO,(1) VALPARAÍSO,,,,BGU,500,MATRICULADO,20/01/2023,20/01/2023,2023,,,,,,
VALPARAÍSO,VALPARAÍSO,VALPARAÍSO,VALPARAÍSO,ADMISIÓN ESPECIAL,(2670)PED.EN QUÍMICA Y CIENCIAS,MASCULINO,(1) VALPARAÍSO,,,,,600,MATRICULADO,18/01/2023,18/01/2023,2023,,,,,,
VALPARAÍSO,VALPARAÍSO,VALPARAÍSO,VALPARAÍSO,ADMISIÓN ESPECIAL,(2670)PED.EN QUÍMICA Y CIENCIAS,MASCULINO,(1) VALPARAÍSO,,,,,600,MATRICULADO,19/01/2023,19/01/2023,2023,,,,,,
EL MEMBRILLO,SAN ANTONIO,VALPARAÍSO,VALPARAÍSO,ADMISIÓN ESPECIAL,(2673)PED.EN MATEMÁTICA VALPARAÍSO,MASCULINO,(1) VALPARAÍSO,,,,,600,MATRICULADO,21/01/2023,21/01/2023,2023,,,,,,
NOGALES,QUILLOTA,VALPARAÍSO,VALPARAÍSO,ADMISIÓN ESPECIAL,(2673)PED.EN MATEMÁTICA VALPARAÍSO,FEMENINO,(1) VALPARAÍSO,,,,BBV,600,MATRICULADO,18/01/2023,18/01/2023,2023,,,,,,
VILLA ALEMANA,MARGA MARGA,VALPARAÍSO,VALPARAÍSO,ADMISIÓN ESPECIAL,(2673)PED.EN MATEMÁTICA VALPARAÍSO,FEMENINO,(1) VALPARAÍSO,,,,BGU,500,MATRICULADO,18/01/2023,18/01/2023,2023,,,,,,
LIMACHE,MARGA MARGA,VALPARAÍSO,VALPARAÍSO,ADMISIÓN ESPECIAL,(2673)PED.EN MATEMÁTICA VALPARAÍSO,MASCULINO,(1) VALPARAÍSO,,,,,600,MATRICULADO,18/01/2023,18/01/2023,2023,,,,,,
VALPARAÍSO,VALPARAÍSO,VALPARAÍSO,VALPARAÍSO,PAES,(2654)GEOGRAFÍA,FEMENINO,(1) VALPARAÍSO,20,464,534.90,BGU,535,MATRICULADO,25/01/2023,25/01/2023,2023,,,,,,
VIÑA DEL MAR,VALPARAÍSO,VALPARAÍSO,VALPARAÍSO,PAES,(2654)GEOGRAFÍA,FEMENINO,(1) VALPARAÍSO,8,483,473.05,,515,MATRICULADO,20/01/2023,20/01/2023,2023,,,,,,
VALPARAÍSO,VALPARAÍSO,VALPARAÍSO,VALPARAÍSO,PAES,(2654)GEOGRAFÍA,FEMENINO,(1) VALPARAÍSO,2,641,670.10,BGU,613,MATRICULADO,19/01/2023,19/01/2023,2023,,,,,,
VIÑA DEL MAR,VALPARAÍSO,VALPARAÍSO,VALPARAÍSO,PAES,(2654)GEOGRAFÍA,FEMENINO,(1) VALPARAÍSO,23,477,542.55,BGU,573,MATRICULADO,26/01/2023,26/01/2023,2023,,,,,,
VALPARAÍSO,VALPARAÍSO,VALPARAÍSO,VALPARAÍSO,PAES,(2654)GEOGRAFÍA,MASCULINO,(1) VALPARAÍSO,1,847,698.20,,550,MATRICULADO,19/01/2023,19/01/2023,2023,,,,,,
VIÑA DEL MAR,VALPARAÍSO,VALPARAÍSO,VALPARAÍSO,PAES,(2654)GEOGRAFÍA,MASCULINO,(1) VALPARAÍSO,4,516,575.35,,545,MATRICULADO,19/01/2023,19/01/2023,2023,,,,,,
VALPARAÍSO,VALPARAÍSO,VALPARAÍSO,VALPARAÍSO,PAES,(2660)PED.EN BIOLOGÍA Y CIENCIAS,FEMENINO,(1) VALPARAÍSO,2,690,671.85,BGU,570,MATRICULADO,18/01/2023,18/01/2023,2023,,,,,,
ILLAPEL,CHOAPA,COQUIMBO,OTRA REGIÓN,PAES,(2660)PED.EN BIOLOGÍA Y CIENCIAS,FEMENINO,(1) VALPARAÍSO,8,574,530.65,,523,MATRICULADO,23/01/2023,23/01/2023,2023,,,,,,
VALPARAÍSO,VALPARAÍSO,VALPARAÍSO,VALPARAÍSO,PAES,(2660)PED.EN BIOLOGÍA Y CIENCIAS,FEMENINO,(1) VALPARAÍSO,20,666,640.95,,563,MATRICULADO,27/01/2023,27/01/2023,2023,,,,,,
PUCHUNCAVÍ,VALPARAÍSO,VALPARAÍSO,VALPARAÍSO,PAES,(2660)PED.EN BIOLOGÍA Y CIENCIAS,MASCULINO,(1) VALPARAÍSO,6,650,591.85,BGU,550,MATRICULADO,19/01/2023,19/01/2023,2023,,,,,,
VALPARAÍSO,VALPARAÍSO,VALPARAÍSO,VALPARAÍSO,PAES,(2660)PED.EN BIOLOGÍA Y CIENCIAS,MASCULINO,(1) VALPARAÍSO,16,508,627.15,,615,MATRICULADO,24/01/2023,24/01/2023,2023,,,,,,
QUILPUÉ,MARGA MARGA,VALPARAÍSO,VALPARAÍSO,PAES,(2660)PED.EN BIOLOGÍA Y CIENCIAS,FEMENINO,(1) VALPARAÍSO,7,642,568.85,BVP,533,MATRICULADO,19/01/2023,19/01/2023,2023,,,,,,
HIJUELAS,QUILLOTA,VALPARAÍSO,VALPARAÍSO,PAES,(2660)PED.EN BIOLOGÍA Y CIENCIAS,FEMENINO,(1) VALPARAÍSO,3,587,663.30,BGU,613,MATRICULADO,18/01/2023,18/01/2023,2023,,,,,,
VALPARAÍSO,VALPARAÍSO,VALPARAÍSO,VALPARAÍSO,PAES,(2660)PED.EN BIOLOGÍA Y CIENCIAS,MASCULINO,(1) VALPARAÍSO,22,557,561.60,BGU,555,MATRICULADO,27/01/2023,27/01/2023,2023,,,,,,
CASABLANCA,VALPARAÍSO,VALPARAÍSO,VALPARAÍSO,PAES,(2666)PED.EN FÍSICA,MASCULINO,(1) VALPARAÍSO,2,495,635.60,BGU,618,MATRICULADO,18/01/2023,18/01/2023,2023,,,,,,
CURACAVÍ,MELIPILLA,METROPOLITANA,METROPOLITANA,PAES,(2666)PED.EN FÍSICA,MASCULINO,(1) VALPARAÍSO,4,625,585.60,BPG,543,MATRICULADO,18/01/2023,18/01/2023,2023,,,,,,
VIÑA DEL MAR,VALPARAÍSO,VALPARAÍSO,VALPARAÍSO,PAES,(2666)PED.EN FÍSICA,FEMENINO,(1) VALPARAÍSO,1,694,686.60,BVP,598,MATRICULADO,18/01/2023,18/01/2023,2023,,,,,,
CHINCOLCO,PETORCA,VALPARAÍSO,VALPARAÍSO,PAES,(2670)PED.EN QUÍMICA Y CIENCIAS,MASCULINO,(1) VALPARAÍSO,2,574,761.85,BGU,665,MATRICULADO,18/01/2023,18/01/2023,2023,,,,,,
QUILLOTA,QUILLOTA,VALPARAÍSO,VALPARAÍSO,PAES,(2673)PED.EN MATEMÁTICA VALPARAÍSO,FEMENINO,(1) VALPARAÍSO,3,811,799.45,BPG,633,MATRICULADO,18/01/2023,18/01/2023,2023,,,,,,
QUILPUÉ,MARGA MARGA,VALPARAÍSO,VALPARAÍSO,PAES,(2673)PED.EN MATEMÁTICA VALPARAÍSO,FEMENINO,(1) VALPARAÍSO,10,539,587.60,BGU,580,MATRICULADO,18/01/2023,18/01/2023,2023,,,,,,
QUILPUÉ,MARGA MARGA,VALPARAÍSO,VALPARAÍSO,PAES,(2673)PED.EN MATEMÁTICA VALPARAÍSO,FEMENINO,(1) VALPARAÍSO,1,849,872.50,BVG,660,MATRICULADO,18/01/2023,18/01/2023,2023,,,,,,
CASABLANCA,VALPARAÍSO,VALPARAÍSO,VALPARAÍSO,PAES,(2673)PED.EN MATEMÁTICA VALPARAÍSO,FEMENINO,(1) VALPARAÍSO,11,587,587.35,,563,MATRICULADO,18/01/2023,18/01/2023,2023,,,,,,
SAN ESTEBAN,LOS ANDES,VALPARAÍSO,VALPARAÍSO,PAES,(2673)PED.EN MATEMÁTICA VALPARAÍSO,MASCULINO,(1) VALPARAÍSO,8,536,661.45,,640,MATRICULADO,18/01/2023,18/01/2023,2023,,,,,,
QUILLOTA,QUILLOTA,VALPARAÍSO,VALPARAÍSO,PAES,(2673)PED.EN MATEMÁTICA VALPARAÍSO,MASCULINO,(1) VALPARAÍSO,2,810,842.30,BVP,665,MATRICULADO,18/01/2023,18/01/2023,2023,,,,,,
QUILPUÉ,MARGA MARGA,VALPARAÍSO,VALPARAÍSO,PAES,(2673)PED.EN MATEMÁTICA VALPARAÍSO,FEMENINO,(1) VALPARAÍSO,14,770,727.90,,598,MATRICULADO,22/01/2023,22/01/2023,2023,,,,,,
QUILPUÉ,MARGA MARGA,VALPARAÍSO,VALPARAÍSO,PAES,(2673)PED.EN MATEMÁTICA VALPARAÍSO,MASCULINO,(1) VALPARAÍSO,4,730,791.05,BVP,665,MATRICULADO,18/01/2023,18/01/2023,2023,,,,,,
COPIAPÓ,COPIAPÓ,ATACAMA,OTRA REGIÓN,PAES,(2673)PED.EN MATEMÁTICA VALPARAÍSO,FEMENINO,(1) VALPARAÍSO,7,597,742.20,BVG,640,MATRICULADO,18/01/2023,18/01/2023,2023,,,,,,
HIJUELAS,QUILLOTA,VALPARAÍSO,VALPARAÍSO,PROPEDÉUTICO(EX-ADM.INCLUS.),(2660)PED.EN BIOLOGÍA Y CIENCIAS,FEMENINO,(1) VALPARAÍSO,,,,BGU,600,REN. EXTERNA,18/01/2023,18/01/2023,2023,,,,,,
VIÑA DEL MAR,VALPARAÍSO,VALPARAÍSO,VALPARAÍSO,PROPEDÉUTICO(EX-ADM.INCLUS.),(2666)PED.EN FÍSICA,MASCULINO,(1) VALPARAÍSO,,,,BGU,500,MATRICULADO,18/01/2023,18/01/2023,2023,,,,,,
VIÑA DEL MAR,VALPARAÍSO,VALPARAÍSO,VALPARAÍSO,TRASLADOS/TRANSFERENCIAS EXT.,(2654)GEOGRAFÍA,FEMENINO,(1) VALPARAÍSO,,,,BGU,500,MATRICULADO,18/01/2023,18/01/2023,2023,,,,,,
VILLA ALEMANA,MARGA MARGA,VALPARAÍSO,VALPARAÍSO,TRASLADOS/TRANSFERENCIAS EXT.,(2660)PED.EN BIOLOGÍA Y CIENCIAS,FEMENINO,(1) VALPARAÍSO,,,,BGU,600,MATRICULADO,20/01/2023,20/01/2023,2023,,,,,,
VALPARAÍSO,VALPARAÍSO,VALPARAÍSO,VALPARAÍSO,ADMISIÓN ESPECIAL,(2660)PED.EN BIOLOGÍA Y CIENCIAS,FEMENINO,(1) VALPARAÍSO,,,,,600,MATRICULADO,18/01/2024,18/01/2024,2024,,,,,,
LA CALERA,QUILLOTA,VALPARAÍSO,VALPARAÍSO,ADMISIÓN ESPECIAL,(2673)PED.EN MATEMÁTICA VALPARAÍSO,FEMENINO,(1) VALPARAÍSO,,,,BGU,600,REN. EXTERNA,17/01/2024,17/01/2024,2024,,,,,,
SAN ANTONIO,SAN ANTONIO,VALPARAÍSO,VALPARAÍSO,ADMISIÓN ESPECIAL,(2673)PED.EN MATEMÁTICA VALPARAÍSO,FEMENINO,(1) VALPARAÍSO,,,,BGU,700,MATRICULADO,17/01/2024,17/01/2024,2024,,,,,,
VIÑA DEL MAR,VALPARAÍSO,VALPARAÍSO,VALPARAÍSO,ADMISIÓN ESPECIAL,(2673)PED.EN MATEMÁTICA VALPARAÍSO,MASCULINO,(1) VALPARAÍSO,,,,BGU,500,MATRICULADO,21/01/2024,21/01/2024,2024,,,,,,
VALPARAÍSO,VALPARAÍSO,VALPARAÍSO,VALPARAÍSO,PAES,(2654)GEOGRAFÍA,FEMENINO,(1) VALPARAÍSO,5,467,491.80,,538,MATRICULADO,17/01/2024,17/01/2024,2024,,,,,,
QUINTERO,VALPARAÍSO,VALPARAÍSO,VALPARAÍSO,PAES,(2654)GEOGRAFÍA,MASCULINO,(1) VALPARAÍSO,3,476,523.70,,558,MATRICULADO,18/01/2024,18/01/2024,2024,,,,,,
VALPARAÍSO,VALPARAÍSO,VALPARAÍSO,VALPARAÍSO,PAES,(2654)GEOGRAFÍA,FEMENINO,(1) VALPARAÍSO,1,521,688.30,PBG,645,MATRICULADO,17/01/2024,17/01/2024,2024,,,,,,
VIÑA DEL MAR,VALPARAÍSO,VALPARAÍSO,VALPARAÍSO,PAES,(2654)GEOGRAFÍA,FEMENINO,(1) VALPARAÍSO,2,624,603.20,,553,MATRICULADO,17/01/2024,17/01/2024,2024,,,,,,
VALPARAÍSO,VALPARAÍSO,VALPARAÍSO,VALPARAÍSO,PAES,(2654)GEOGRAFÍA,MASCULINO,(1) VALPARAÍSO,4,507,497.20,,515,MATRICULADO,18/01/2024,18/01/2024,2024,,,,,,
VALPARAÍSO,VALPARAÍSO,VALPARAÍSO,VALPARAÍSO,PAES,(2654)GEOGRAFÍA,FEMENINO,(1) VALPARAÍSO,9,580,773.45,BGU,68,MATRICULADO,24/01/2024,24/01/2024,2024,,,,,,
VIÑA DEL MAR,VALPARAÍSO,VALPARAÍSO,VALPARAÍSO,PAES,(2660)PED.EN BIOLOGÍA Y CIENCIAS,MASCULINO,(1) VALPARAÍSO,4,758,602.50,BGU,515,MATRICULADO,17/01/2024,17/01/2024,2024,,,,,,
VIÑA DEL MAR,VALPARAÍSO,VALPARAÍSO,VALPARAÍSO,PAES,(2660)PED.EN BIOLOGÍA Y CIENCIAS,MASCULINO,(1) VALPARAÍSO,14,514,430.05,BGU,48,MATRICULADO,26/01/2024,26/01/2024,2024,,,,,,
LA CALERA,QUILLOTA,VALPARAÍSO,VALPARAÍSO,PAES,(2660)PED.EN BIOLOGÍA Y CIENCIAS,FEMENINO,(1) VALPARAÍSO,9,520,636.95,BGU,613,MATRICULADO,24/01/2024,24/01/2024,2024,,,,,,
VIÑA DEL MAR,VALPARAÍSO,VALPARAÍSO,VALPARAÍSO,PAES,(2660)PED.EN BIOLOGÍA Y CIENCIAS,FEMENINO,(1) VALPARAÍSO,3,539,628.95,BGU,595,MATRICULADO,17/01/2024,17/01/2024,2024,,,,,,
QUILPUÉ,MARGA MARGA,VALPARAÍSO,VALPARAÍSO,PAES,(2660)PED.EN BIOLOGÍA Y CIENCIAS,MASCULINO,(1) VALPARAÍSO,6,516,558.10,BGU,555,MATRICULADO,17/01/2024,17/01/2024,2024,,,,,,
VALPARAÍSO,VALPARAÍSO,VALPARAÍSO,VALPARAÍSO,PAES,(2660)PED.EN BIOLOGÍA Y CIENCIAS,FEMENINO,(1) VALPARAÍSO,16,602,660.05,,61,MATRICULADO,15/03/2024,15/03/2024,2024,,,,,,
LA CALERA,QUILLOTA,VALPARAÍSO,VALPARAÍSO,PAES,(2660)PED.EN BIOLOGÍA Y CIENCIAS,FEMENINO,(1) VALPARAÍSO,8,511,556.40,BGU,563,MATRICULADO,25/01/2024,25/01/2024,2024,,,,,,
CARTAGENA,SAN ANTONIO,VALPARAÍSO,VALPARAÍSO,PAES,(2660)PED.EN BIOLOGÍA Y CIENCIAS,MASCULINO,(1) VALPARAÍSO,1,729,837.20,BVG,700,MATRICULADO,17/01/2024,17/01/2024,2024,,,,,,
PICHIDEGUA,CACHAPOAL,O´HIGGINS,O´HIGGINS,PAES,(2666)PED.EN FÍSICA,MASCULINO,(1) VALPARAÍSO,1,891,894.10,,670,MATRICULADO,19/01/2024,19/01/2024,2024,,,,,,
VALPARAÍSO,VALPARAÍSO,VALPARAÍSO,VALPARAÍSO,PAES,(2666)PED.EN FÍSICA,MASCULINO,(1) VALPARAÍSO,2,800,634.00,,535,MATRICULADO,17/01/2024,17/01/2024,2024,,,,,,
VALPARAÍSO,VALPARAÍSO,VALPARAÍSO,VALPARAÍSO,PAES,(2666)PED.EN FÍSICA,MASCULINO,(1) VALPARAÍSO,3,558,617.95,BGU,588,MATRICULADO,18/01/2024,18/01/2024,2024,,,,,,
QUILPUÉ,MARGA MARGA,VALPARAÍSO,VALPARAÍSO,PAES,(2670)PED.EN QUÍMICA Y CIENCIAS,MASCULINO,(1) VALPARAÍSO,5,736,574.50,,518,MATRICULADO,17/01/2024,17/01/2024,2024,,,,,,
VIÑA DEL MAR,VALPARAÍSO,VALPARAÍSO,VALPARAÍSO,PAES,(2670)PED.EN QUÍMICA Y CIENCIAS,FEMENINO,(1) VALPARAÍSO,4,551,629.60,,593,MATRICULADO,18/01/2024,18/01/2024,2024,,,,,,
QUILLOTA,QUILLOTA,VALPARAÍSO,VALPARAÍSO,PAES,(2670)PED.EN QUÍMICA Y CIENCIAS,MASCULINO,(1) VALPARAÍSO,2,697,828.80,PBG,665,MATRICULADO,17/01/2024,17/01/2024,2024,,,,,,
VALPARAÍSO,VALPARAÍSO,VALPARAÍSO,VALPARAÍSO,PAES,(2670)PED.EN QUÍMICA Y CIENCIAS,MASCULINO,(1) VALPARAÍSO,3,508,673.50,,615,MATRICULADO,18/01/2024,18/01/2024,2024,,,,,,
VILLA ALEMANA,MARGA MARGA,VALPARAÍSO,VALPARAÍSO,PAES,(2673)PED.EN MATEMÁTICA VALPARAÍSO,MASCULINO,(1) VALPARAÍSO,4,882,695.20,,565,MATRICULADO,19/01/2024,19/01/2024,2024,,,,,,
VALPARAÍSO,VALPARAÍSO,VALPARAÍSO,VALPARAÍSO,PAES,(2673)PED.EN MATEMÁTICA VALPARAÍSO,MASCULINO,(1) VALPARAÍSO,8,672,612.30,,560,MATRICULADO,17/01/2024,17/01/2024,2024,,,,,,
PALMILLA,COLCHAGUA,O´HIGGINS,O´HIGGINS,PAES,(2673)PED.EN MATEMÁTICA VALPARAÍSO,MASCULINO,(1) VALPARAÍSO,1,664,783.15,BGU,668,MATRICULADO,18/01/2024,18/01/2024,2024,,,,,,
LA CALERA,QUILLOTA,VALPARAÍSO,VALPARAÍSO,PAES,(2673)PED.EN MATEMÁTICA VALPARAÍSO,MASCULINO,(1) VALPARAÍSO,7,648,620.90,BGU,575,MATRICULADO,17/01/2024,17/01/2024,2024,,,,,,
LA CALERA,QUILLOTA,VALPARAÍSO,VALPARAÍSO,PAES,(2673)PED.EN MATEMÁTICA VALPARAÍSO,FEMENINO,(1) VALPARAÍSO,5,531,679.65,BGU,630,MATRICULADO,17/01/2024,17/01/2024,2024,,,,,,
VALPARAÍSO,VALPARAÍSO,VALPARAÍSO,VALPARAÍSO,PAES,(2673)PED.EN MATEMÁTICA VALPARAÍSO,FEMENINO,(1) VALPARAÍSO,3,599,741.95,BVP,670,MATRICULADO,17/01/2024,17/01/2024,2024,,,,,,
QUILPUÉ,MARGA MARGA,VALPARAÍSO,VALPARAÍSO,PAES,(2673)PED.EN MATEMÁTICA VALPARAÍSO,MASCULINO,(1) VALPARAÍSO,6,634,644.55,BPG,598,MATRICULADO,17/01/2024,17/01/2024,2024,,,,,,
VALPARAÍSO,VALPARAÍSO,VALPARAÍSO,VALPARAÍSO,PAES,(2673)PED.EN MATEMÁTICA VALPARAÍSO,MASCULINO,(1) VALPARAÍSO,9,663,581.70,BGU,550,MATRICULADO,17/01/2024,17/01/2024,2024,,,,,,
VALPARAÍSO,VALPARAÍSO,VALPARAÍSO,VALPARAÍSO,PROPEDÉUTICO(EX-ADM.INCLUS.),(2654)GEOGRAFÍA,FEMENINO,(1) VALPARAÍSO,,,,,500,MATRICULADO,17/01/2024,17/01/2024,2024,,,,,,
VIÑA DEL MAR,VALPARAÍSO,VALPARAÍSO,VALPARAÍSO,PROPEDÉUTICO(EX-ADM.INCLUS.),(2670)PED.EN QUÍMICA Y CIENCIAS,FEMENINO,(1) VALPARAÍSO,,,,,600,REN. EXTERNA,18/01/2024,18/01/2024,2024,,,,,,
LA CALERA,QUILLOTA,VALPARAÍSO,VALPARAÍSO,TRASLADOS/TRANSFERENCIAS EXT.,(2673)PED.EN MATEMÁTICA VALPARAÍSO,FEMENINO,(1) VALPARAÍSO,,,,BGU,600,MATRICULADO,23/01/2024,23/01/2024,2024,,,,,,
VIÑA DEL MAR,VALPARAÍSO,VALPARAÍSO,VALPARAÍSO,ADMISIÓN ESPECIAL,(2654)GEOGRAFÍA,FEMENINO,(1) VALPARAÍSO,,,,,600,MATRICULADO,21/01/2025,21/01/2025,2025,,,,,,
LIMACHE,MARGA MARGA,VALPARAÍSO,VALPARAÍSO,ADMISIÓN ESPECIAL,(2660)PED.EN BIOLOGÍA Y CIENCIAS,MASCULINO,(1) VALPARAÍSO,,,,,600,MATRICULADO,23/01/2025,23/01/2025,2025,,,,,,
VALPARAÍSO,VALPARAÍSO,VALPARAÍSO,VALPARAÍSO,ADMISIÓN ESPECIAL,(2660)PED.EN BIOLOGÍA Y CIENCIAS,FEMENINO,(1) VALPARAÍSO,,,,BGU,600,MATRICULADO,23/01/2025,23/01/2025,2025,,,,,,
VALPARAÍSO,VALPARAÍSO,VALPARAÍSO,VALPARAÍSO,ADMISIÓN ESPECIAL,(2660)PED.EN BIOLOGÍA Y CIENCIAS,FEMENINO,(1) VALPARAÍSO,,,,,600,REN. EXTERNA,21/01/2025,21/01/2025,2025,,,,,,
VALPARAÍSO,VALPARAÍSO,VALPARAÍSO,VALPARAÍSO,ADMISIÓN ESPECIAL,(2660)PED.EN BIOLOGÍA Y CIENCIAS,FEMENINO,(1) VALPARAÍSO,,,,,500,MATRICULADO,21/01/2025,21/01/2025,2025,,,,,,
VIÑA DEL MAR,VALPARAÍSO,VALPARAÍSO,VALPARAÍSO,ADMISIÓN ESPECIAL,(2660)PED.EN BIOLOGÍA Y CIENCIAS,MASCULINO,(1) VALPARAÍSO,,,,,600,MATRICULADO,21/01/2025,21/01/2025,2025,,,,,,
VALPARAÍSO,VALPARAÍSO,VALPARAÍSO,VALPARAÍSO,ADMISIÓN ESPECIAL,(2666)PED.EN FÍSICA,MASCULINO,(1) VALPARAÍSO,,,,,600,MATRICULADO,22/01/2025,22/01/2025,2025,,,,,,
LLAY LLAY,SAN FELIPE,VALPARAÍSO,VALPARAÍSO,ADMISIÓN ESPECIAL,(2673)PED.EN MATEMÁTICA VALPARAÍSO,FEMENINO,(1) VALPARAÍSO,,,,,600,MATRICULADO,21/01/2025,21/01/2025,2025,,,,,,
SAN ANTONIO,SAN ANTONIO,VALPARAÍSO,VALPARAÍSO,ADMISIÓN ESPECIAL,(2673)PED.EN MATEMÁTICA VALPARAÍSO,FEMENINO,(1) VALPARAÍSO,,,,BGU,600,MATRICULADO,21/01/2025,21/01/2025,2025,,,,,,
SAN ANTONIO,SAN ANTONIO,VALPARAÍSO,VALPARAÍSO,ADMISIÓN ESPECIAL,(2673)PED.EN MATEMÁTICA VALPARAÍSO,MASCULINO,(1) VALPARAÍSO,,,,BGU,600,MATRICULADO,25/01/2025,25/01/2025,2025,,,,,,
SANTO DOMINGO,SAN ANTONIO,VALPARAÍSO,VALPARAÍSO,PAES,(2654)GEOGRAFÍA,MASCULINO,(1) VALPARAÍSO,6,535,558.80,BGU,558,MATRICULADO,23/01/2025,23/01/2025,2025,,,,,,
QUILPUÉ,MARGA MARGA,VALPARAÍSO,VALPARAÍSO,PAES,(2654)GEOGRAFÍA,MASCULINO,(1) VALPARAÍSO,7,605,551.60,BGU,528,MATRICULADO,22/01/2025,22/01/2025,2025,,,,,,
VALPARAÍSO,VALPARAÍSO,VALPARAÍSO,VALPARAÍSO,PAES,(2654)GEOGRAFÍA,MASCULINO,(1) VALPARAÍSO,5,563,587.60,,555,MATRICULADO,22/01/2025,22/01/2025,2025,,,,,,
QUILPUÉ,MARGA MARGA,VALPARAÍSO,VALPARAÍSO,PAES,(2654)GEOGRAFÍA,FEMENINO,(1) VALPARAÍSO,1,696,819.50,BEG,660,MATRICULADO,21/01/2025,21/01/2025,2025,,,,,,
CALAMA,EL LOA,ANTOFAGASTA,OTRA REGIÓN,PAES,(2654)GEOGRAFÍA,MASCULINO,(1) VALPARAÍSO,9,473,528.10,,553,MATRICULADO,21/01/2025,21/01/2025,2025,,,,,,
QUINTERO,VALPARAÍSO,VALPARAÍSO,VALPARAÍSO,PAES,(2654)GEOGRAFÍA,FEMENINO,(1) VALPARAÍSO,8,549,539.30,,543,MATRICULADO,25/01/2025,25/01/2025,2025,,,,,,
MACHALÍ,CACHAPOAL,O´HIGGINS,O´HIGGINS,PAES,(2654)GEOGRAFÍA,FEMENINO,(1) VALPARAÍSO,4,666,607.70,BGU,538,MATRICULADO,21/01/2025,21/01/2025,2025,,,,,,
VIÑA DEL MAR,VALPARAÍSO,VALPARAÍSO,VALPARAÍSO,PAES,(2654)GEOGRAFÍA,MASCULINO,(1) VALPARAÍSO,3,576,660.45,BGU,615,MATRICULADO,23/01/2025,23/01/2025,2025,,,,,,
CASABLANCA,VALPARAÍSO,VALPARAÍSO,VALPARAÍSO,PAES,(2660)PED.EN BIOLOGÍA Y CIENCIAS,MASCULINO,(1) VALPARAÍSO,8,544,616.20,BGU,590,MATRICULADO,21/01/2025,21/01/2025,2025,,,,,,
VALPARAÍSO,VALPARAÍSO,VALPARAÍSO,VALPARAÍSO,PAES,(2660)PED.EN BIOLOGÍA Y CIENCIAS,FEMENINO,(1) VALPARAÍSO,3,512,664.70,BEG,637,MATRICULADO,21/01/2025,21/01/2025,2025,,,,,,
CONCON,VALPARAÍSO,VALPARAÍSO,VALPARAÍSO,PAES,(2660)PED.EN BIOLOGÍA Y CIENCIAS,FEMENINO,(1) VALPARAÍSO,1,519,694.90,BGU,648,MATRICULADO,21/01/2025,21/01/2025,2025,,,,,,
VILLA ALEMANA,MARGA MARGA,VALPARAÍSO,VALPARAÍSO,PAES,(2660)PED.EN BIOLOGÍA Y CIENCIAS,FEMENINO,(1) VALPARAÍSO,9,543,593.70,BGU,583,MATRICULADO,21/01/2025,21/01/2025,2025,,,,,,
CASABLANCA,VALPARAÍSO,VALPARAÍSO,VALPARAÍSO,PAES,(2660)PED.EN BIOLOGÍA Y CIENCIAS,FEMENINO,(1) VALPARAÍSO,12,515,493.80,BGU,535,MATRICULADO,21/01/2025,21/01/2025,2025,,,,,,
VALPARAÍSO,VALPARAÍSO,VALPARAÍSO,VALPARAÍSO,PAES,(2660)PED.EN BIOLOGÍA Y CIENCIAS,FEMENINO,(1) VALPARAÍSO,6,544,638.50,,605,MATRICULADO,21/01/2025,21/01/2025,2025,,,,,,
VALPARAÍSO,VALPARAÍSO,VALPARAÍSO,VALPARAÍSO,PAES,(2660)PED.EN BIOLOGÍA Y CIENCIAS,FEMENINO,(1) VALPARAÍSO,10,521,559.70,,573,MATRICULADO,21/01/2025,21/01/2025,2025,,,,,,
LA LIGUA,PETORCA,VALPARAÍSO,VALPARAÍSO,PAES,(2660)PED.EN BIOLOGÍA Y CIENCIAS,FEMENINO,(1) VALPARAÍSO,4,671,658.70,BVP,588,MATRICULADO,21/01/2025,21/01/2025,2025,,,,,,
VALPARAÍSO,VALPARAÍSO,VALPARAÍSO,VALPARAÍSO,PAES,(2666)PED.EN FÍSICA,FEMENINO,(1) VALPARAÍSO,5,629,577.10,,548,MATRICULADO,23/01/2025,23/01/2025,2025,,,,,,
LIMACHE,MARGA MARGA,VALPARAÍSO,VALPARAÍSO,PAES,(2666)PED.EN FÍSICA,FEMENINO,(1) VALPARAÍSO,3,689,737.60,,635,MATRICULADO,21/01/2025,21/01/2025,2025,,,,,,
VILLA ALEMANA,MARGA MARGA,VALPARAÍSO,VALPARAÍSO,PAES,(2666)PED.EN FÍSICA,FEMENINO,(1) VALPARAÍSO,1,638,792.95,,685,MATRICULADO,21/01/2025,21/01/2025,2025,,,,,,
VALPARAÍSO,VALPARAÍSO,VALPARAÍSO,VALPARAÍSO,PAES,(2666)PED.EN FÍSICA,FEMENINO,(1) VALPARAÍSO,2,684,782.85,BVP,658,MATRICULADO,21/01/2025,21/01/2025,2025,,,,,,
VALPARAÍSO,VALPARAÍSO,VALPARAÍSO,VALPARAÍSO,PAES,(2673)PED.EN MATEMÁTICA VALPARAÍSO,MASCULINO,(1) VALPARAÍSO,7,785,598.00,BPG,510,MATRICULADO,21/01/2025,21/01/2025,2025,,,,,,
VALLENAR,HUASCO,ATACAMA,OTRA REGIÓN,PAES,(2673)PED.EN MATEMÁTICA VALPARAÍSO,MASCULINO,(1) VALPARAÍSO,1,900,907.00,BPG,680,MATRICULADO,21/01/2025,21/01/2025,2025,,,,,,
LIMACHE,MARGA MARGA,VALPARAÍSO,VALPARAÍSO,PAES,(2673)PED.EN MATEMÁTICA VALPARAÍSO,MASCULINO,(1) VALPARAÍSO,4,820,693.50,,570,MATRICULADO,22/01/2025,22/01/2025,2025,,,,,,
RANCAGUA,CACHAPOAL,O´HIGGINS,O´HIGGINS,PAES,(2673)PED.EN MATEMÁTICA VALPARAÍSO,FEMENINO,(1) VALPARAÍSO,2,855,810.70,BPG,640,MATRICULADO,21/01/2025,21/01/2025,2025,,,,,,
VALPARAÍSO,VALPARAÍSO,VALPARAÍSO,VALPARAÍSO,PROPEDÉUTICO(EX-ADM.INCLUS.),(2654)GEOGRAFÍA,FEMENINO,(1) VALPARAÍSO,,,,,600,MATRICULADO,22/01/2025,22/01/2025,2025,,,,,,
QUILPUÉ,MARGA MARGA,VALPARAÍSO,VALPARAÍSO,PROPEDÉUTICO(EX-ADM.INCLUS.),(2654)GEOGRAFÍA,MASCULINO,(1) VALPARAÍSO,,,,,500,MATRICULADO,21/01/2025,21/01/2025,2025,,,,,,
NOGALES,QUILLOTA,VALPARAÍSO,VALPARAÍSO,PROPEDÉUTICO(EX-ADM.INCLUS.),(2660)PED.EN BIOLOGÍA Y CIENCIAS,FEMENINO,(1) VALPARAÍSO,,,,,600,MATRICULADO,21/01/2025,21/01/2025,2025,,,,,,
VILLA ALEMANA,MARGA MARGA,VALPARAÍSO,VALPARAÍSO,PROPEDÉUTICO(EX-ADM.INCLUS.),(2660)PED.EN BIOLOGÍA Y CIENCIAS,FEMENINO,(1) VALPARAÍSO,,,,BGU,600,MATRICULADO,21/01/2025,21/01/2025,2025,,,,,,
VILLA ALEMANA,MARGA MARGA,VALPARAÍSO,VALPARAÍSO,PROPEDÉUTICO(EX-ADM.INCLUS.),(2660)PED.EN BIOLOGÍA Y CIENCIAS,FEMENINO,(1) VALPARAÍSO,,,,BGU,500,REN. EXTERNA,21/01/2025,21/01/2025,2025,,,,,,
VILLA ALEMANA,MARGA MARGA,VALPARAÍSO,VALPARAÍSO,PROPEDÉUTICO(EX-ADM.INCLUS.),(2666)PED.EN FÍSICA,MASCULINO,(1) VALPARAÍSO,,,,BGU,500,MATRICULADO,21/01/2025,21/01/2025,2025,,,,,,
VALPARAÍSO,VALPARAÍSO,VALPARAÍSO,VALPARAÍSO,PROPEDÉUTICO(EX-ADM.INCLUS.),(2673)PED.EN MATEMÁTICA VALPARAÍSO,MASCULINO,(1) VALPARAÍSO,,,,BVP,600,MATRICULADO,21/01/2025,21/01/2025,2025,,,,,,
